--------------------------------------------------------
--  File created - Friday-February-17-2023   
--------------------------------------------------------
DROP TABLE "META01_PARAMETRAGES";
DROP TABLE "META02_MESURES";
DROP TABLE "META03_CONSTRAINTS";
DROP TABLE "META04_DATASTRUCTURES1";
DROP TABLE "US_STATES";
--------------------------------------------------------
--  DDL for Table META01_PARAMETRAGES
--------------------------------------------------------

  CREATE TABLE "META01_PARAMETRAGES" 
   (	"ID_PARAMETRE" VARCHAR2(10), 
	"COMMENTAIRE_PARAM" VARCHAR2(500), 
	"VALEUR_PARAM" VARCHAR2(500)
   ) ;
--------------------------------------------------------
--  DDL for Table META02_MESURES
--------------------------------------------------------

  CREATE TABLE "META02_MESURES" 
   (	"MESUREIDENTIFIER" VARCHAR2(10), 
	"MESUREDESCRIPTION" VARCHAR2(500)
   ) ;
--------------------------------------------------------
--  DDL for Table META03_CONSTRAINTS
--------------------------------------------------------

  CREATE TABLE "META03_CONSTRAINTS" 
   (	"IDCONSTRAINT" VARCHAR2(20), 
	"CATEGORY" VARCHAR2(300), 
	"SUBCATEGORY" VARCHAR2(500), 
	"CONTRAINTE" VARCHAR2(500), 
	"COMMENTAIRE" VARCHAR2(300)
   ) ;
--------------------------------------------------------
--  DDL for Table META04_DATASTRUCTURES1
--------------------------------------------------------

  CREATE TABLE "META04_DATASTRUCTURES1" 
   (	"DATASOURCENAME" VARCHAR2(50), 
	"COLUMNIDENTIFIER" VARCHAR2(50), 
	"COLUMNNAME" VARCHAR2(50), 
	"DATATYPE" VARCHAR2(50), 
	"DATALENGTH" NUMBER, 
	"NEGCONSTRAINTSINTRACOL" VARCHAR2(50), 
	"DOUBLEALLOWED" VARCHAR2(50), 
	"POSCONSTRAINTSINTRACOL" VARCHAR2(50)
   ) ;
--------------------------------------------------------
--  DDL for Table US_STATES
--------------------------------------------------------

  CREATE TABLE "US_STATES" 
   (	"ABBR" VARCHAR2(2), 
	"STATE_NAME" VARCHAR2(20), 
	"STATE_CAPITAL" VARCHAR2(20), 
	"REGION" VARCHAR2(10)
   ) ;
REM INSERTING into META01_PARAMETRAGES
SET DEFINE OFF;
Insert into META01_PARAMETRAGES (ID_PARAMETRE,COMMENTAIRE_PARAM,VALEUR_PARAM) values ('Param1','Le Séparateur CSV',',');
Insert into META01_PARAMETRAGES (ID_PARAMETRE,COMMENTAIRE_PARAM,VALEUR_PARAM) values ('Param2','Les différentes codifications des valeurs manquantes : MISSING VALUES',' IN (''MISSINGVALUE'',''NULL'', ''-'', ''='', ''!'', ''?'', '''')');
Insert into META01_PARAMETRAGES (ID_PARAMETRE,COMMENTAIRE_PARAM,VALEUR_PARAM) values ('Param3','Unification de la codification du message des valeurs manquantes','<?MISSINGVALUE>');
Insert into META01_PARAMETRAGES (ID_PARAMETRE,COMMENTAIRE_PARAM,VALEUR_PARAM) values ('Param4','Message d''erreur pour une anoamlie INTRACOLONNE et INTER-COLONNES syntaxique sémantique',' <?!+ANOMALY>');
Insert into META01_PARAMETRAGES (ID_PARAMETRE,COMMENTAIRE_PARAM,VALEUR_PARAM) values ('Param5','Message d''erreur pour une anoamlie INTRACOLONNE doublon',' <?!DANOMALY>');
Insert into META01_PARAMETRAGES (ID_PARAMETRE,COMMENTAIRE_PARAM,VALEUR_PARAM) values ('Param6','Message d''erreur pour une anoamlie INTER-COLONNES',' <?!2ANOMALY>');
Insert into META01_PARAMETRAGES (ID_PARAMETRE,COMMENTAIRE_PARAM,VALEUR_PARAM) values ('Param9','Format par défaut de la date Homogénéisation','YYYY-MM-DD');
REM INSERTING into META02_MESURES
SET DEFINE OFF;
Insert into META02_MESURES (MESUREIDENTIFIER,MESUREDESCRIPTION) values ('M000','Number of rows in the data source DS');
Insert into META02_MESURES (MESUREIDENTIFIER,MESUREDESCRIPTION) values ('M001','Number of columns in the Data Source DS');
Insert into META02_MESURES (MESUREIDENTIFIER,MESUREDESCRIPTION) values ('M100','Number of MISSING (NULL) values in the column');
Insert into META02_MESURES (MESUREIDENTIFIER,MESUREDESCRIPTION) values ('M101','Number of NON-MISSING (NON-NULL) values in the column');
Insert into META02_MESURES (MESUREIDENTIFIER,MESUREDESCRIPTION) values ('M102','Number of different values in the column');
Insert into META02_MESURES (MESUREIDENTIFIER,MESUREDESCRIPTION) values ('M103','Number of ANOMALIES in the column');
Insert into META02_MESURES (MESUREIDENTIFIER,MESUREDESCRIPTION) values ('M108','Minimum length of strings in the column');
Insert into META02_MESURES (MESUREIDENTIFIER,MESUREDESCRIPTION) values ('M109','MAXIMUM length of strings in the column');
Insert into META02_MESURES (MESUREIDENTIFIER,MESUREDESCRIPTION) values ('M110','Number of words in the column');
Insert into META02_MESURES (MESUREIDENTIFIER,MESUREDESCRIPTION) values ('M160','The average length of strings in a column');
Insert into META02_MESURES (MESUREIDENTIFIER,MESUREDESCRIPTION) values ('M161','The minimum value of the numbers (numerics) in a column');
Insert into META02_MESURES (MESUREIDENTIFIER,MESUREDESCRIPTION) values ('M162','The maximum value of the numbers (numerics) in a column');
Insert into META02_MESURES (MESUREIDENTIFIER,MESUREDESCRIPTION) values ('M163','The mean (average) value of the numbers (numerics) in a column');
Insert into META02_MESURES (MESUREIDENTIFIER,MESUREDESCRIPTION) values ('M164','The median value of the numbers (numerics) in a column');
REM INSERTING into META03_CONSTRAINTS
SET DEFINE OFF;
Insert into META03_CONSTRAINTS (IDCONSTRAINT,CATEGORY,SUBCATEGORY,CONTRAINTE,COMMENTAIRE) values ('NN0001','NUMERIQUE','NUMERIQUE','^[[:digit:]]+$','Des numériques');
Insert into META03_CONSTRAINTS (IDCONSTRAINT,CATEGORY,SUBCATEGORY,CONTRAINTE,COMMENTAIRE) values ('ND0001','DATE','A date in DD-MM-YYYY format = Une date au format DD-MM-YYYY','^(([0-2][0-9]|3[0-1])-(0[0-9]|1[0-2])-[0-9]{4})$',null);
Insert into META03_CONSTRAINTS (IDCONSTRAINT,CATEGORY,SUBCATEGORY,CONTRAINTE,COMMENTAIRE) values ('ND0002','DATE','A date in YYYY-MM-DD format = Une date au format YYYY-MM-DD','^([0-9]{4}-(0[0-9]|1[0-2])-([0-2][0-9]|3[0-1]))$',null);
Insert into META03_CONSTRAINTS (IDCONSTRAINT,CATEGORY,SUBCATEGORY,CONTRAINTE,COMMENTAIRE) values ('NS0001','NO_UNNECESSARY_SPACE','No unnecessary space = Pas d''espace superflu',' {2,}',null);
Insert into META03_CONSTRAINTS (IDCONSTRAINT,CATEGORY,SUBCATEGORY,CONTRAINTE,COMMENTAIRE) values ('NS2500','STRING','Aplabetic string with space = Lettres de l''alphabet latin avec espace','^[[:alpha:] ]+$',null);
Insert into META03_CONSTRAINTS (IDCONSTRAINT,CATEGORY,SUBCATEGORY,CONTRAINTE,COMMENTAIRE) values ('NS2605','STRING','A string of characters with only the first one in capital letter = Une chaine de caractères avec seulement la première en lettre majuscule','COL++ = INITCAP(COL++)',null);
Insert into META03_CONSTRAINTS (IDCONSTRAINT,CATEGORY,SUBCATEGORY,CONTRAINTE,COMMENTAIRE) values ('NS2700','STRING','No repetition of more than 3 characters = Pas de répétition de plus de 3 caractères','UPPER(REGEXP_COUNT(UPPER(COL++), ''A{3,}|B{3,}|C{3,}|D{3,}|E{3,}|F{3,}|G{3,}|H{3,}|I{3,}|J{3,}|K{3,}|L{3,}|M{3,}|N{3,}|O{3,}|P{3,}|Q{3,}|R{3,}|S{3,}|T{3,}|U{3,}|V{3,}|W{3,}|X{3,}|Y{3,}|Z{3,}|É{3,}|È{3,}'')) < 1',null);
Insert into META03_CONSTRAINTS (IDCONSTRAINT,CATEGORY,SUBCATEGORY,CONTRAINTE,COMMENTAIRE) values ('NS3500','BLOOD_GROUP','A blood group = Un groupe sanguin','^(A|B|AB|O)[+-]$',null);
Insert into META03_CONSTRAINTS (IDCONSTRAINT,CATEGORY,SUBCATEGORY,CONTRAINTE,COMMENTAIRE) values ('NS4050','ZIPCODEFR','The French zip code = Le code postal français','^(\d){5}$',null);
Insert into META03_CONSTRAINTS (IDCONSTRAINT,CATEGORY,SUBCATEGORY,CONTRAINTE,COMMENTAIRE) values ('NS4020','ZIPCODEUS','The USA zip code = Le code postal american','^\d{5}(?:[-\s]\d{4})?$',null);
Insert into META03_CONSTRAINTS (IDCONSTRAINT,CATEGORY,SUBCATEGORY,CONTRAINTE,COMMENTAIRE) values ('NS5000','EMAIL','An email address = Une adresse mail','^[A-Za-z]+[A-Za-z0-9.]+@[A-Za-z0-9.-]+\.[A-Za-z]{2,4}$',null);
Insert into META03_CONSTRAINTS (IDCONSTRAINT,CATEGORY,SUBCATEGORY,CONTRAINTE,COMMENTAIRE) values ('P0001','SPACES','Function for removing superfluous spaces','REGEXP_REPLACE(ltrim(rtrim(col++)), ''\s{2,}'', '' '')',null);
Insert into META03_CONSTRAINTS (IDCONSTRAINT,CATEGORY,SUBCATEGORY,CONTRAINTE,COMMENTAIRE) values ('G0001','LOCATION','REGEXP for (latitude, longitude)','^\(\s*-?\d+\.\d+\s*,\s*-?\d+\.\d+\s*\)$',null);
Insert into META03_CONSTRAINTS (IDCONSTRAINT,CATEGORY,SUBCATEGORY,CONTRAINTE,COMMENTAIRE) values ('NS0002','STRING','Alphabetic string without spaces','^[A-Za-z]+$',null);
Insert into META03_CONSTRAINTS (IDCONSTRAINT,CATEGORY,SUBCATEGORY,CONTRAINTE,COMMENTAIRE) values ('NS0003','STRING','Alphabetic question (string ending with ?)','^[A-Za-z0-9]+([ ]{1}[A-Za-z0-9]+)*\?$',null);
Insert into META03_CONSTRAINTS (IDCONSTRAINT,CATEGORY,SUBCATEGORY,CONTRAINTE,COMMENTAIRE) values ('NS0004','STRING','Alpha numeric string with only 1 separating space','^[A-Za-z0-9]+([ ]{1}[A-Za-z0-9]+)*$',null);
Insert into META03_CONSTRAINTS (IDCONSTRAINT,CATEGORY,SUBCATEGORY,CONTRAINTE,COMMENTAIRE) values ('NS0005','STRING','Alpha numeric string string without spaces','^[A-Za-z0-9]+$',null);
Insert into META03_CONSTRAINTS (IDCONSTRAINT,CATEGORY,SUBCATEGORY,CONTRAINTE,COMMENTAIRE) values ('NN0002','NUMERIQUE','floating numbers','^[-+]?[0-9]*\.?[0-9]+([eE][-+]?[0-9]+)?$','Des numériques');
REM INSERTING into META04_DATASTRUCTURES1
SET DEFINE OFF;
Insert into META04_DATASTRUCTURES1 (DATASOURCENAME,COLUMNIDENTIFIER,COLUMNNAME,DATATYPE,DATALENGTH,NEGCONSTRAINTSINTRACOL,DOUBLEALLOWED,POSCONSTRAINTSINTRACOL) values ('HEART_DISEASE_MORTALITY','COL1','Year','VARCHAR2',4,'NN0001','YES',null);
Insert into META04_DATASTRUCTURES1 (DATASOURCENAME,COLUMNIDENTIFIER,COLUMNNAME,DATATYPE,DATALENGTH,NEGCONSTRAINTSINTRACOL,DOUBLEALLOWED,POSCONSTRAINTSINTRACOL) values ('HEART_DISEASE_MORTALITY','COL2','LocationAbbr','VARCHAR2',4,'NS0002','YES',null);
Insert into META04_DATASTRUCTURES1 (DATASOURCENAME,COLUMNIDENTIFIER,COLUMNNAME,DATATYPE,DATALENGTH,NEGCONSTRAINTSINTRACOL,DOUBLEALLOWED,POSCONSTRAINTSINTRACOL) values ('HEART_DISEASE_MORTALITY','COL3','LocationDesc','VARCHAR2',78,'NS0004','YES',null);
Insert into META04_DATASTRUCTURES1 (DATASOURCENAME,COLUMNIDENTIFIER,COLUMNNAME,DATATYPE,DATALENGTH,NEGCONSTRAINTSINTRACOL,DOUBLEALLOWED,POSCONSTRAINTSINTRACOL) values ('HEART_DISEASE_MORTALITY','COL4','GeographicLevel','VARCHAR2',12,'NS0002','YES',null);
Insert into META04_DATASTRUCTURES1 (DATASOURCENAME,COLUMNIDENTIFIER,COLUMNNAME,DATATYPE,DATALENGTH,NEGCONSTRAINTSINTRACOL,DOUBLEALLOWED,POSCONSTRAINTSINTRACOL) values ('HEART_DISEASE_MORTALITY','COL5','DataSource','VARCHAR2',8,'NS0002','YES',null);
Insert into META04_DATASTRUCTURES1 (DATASOURCENAME,COLUMNIDENTIFIER,COLUMNNAME,DATATYPE,DATALENGTH,NEGCONSTRAINTSINTRACOL,DOUBLEALLOWED,POSCONSTRAINTSINTRACOL) values ('HEART_DISEASE_MORTALITY','COL6','Class','VARCHAR2',46,'NS0004','YES',null);
Insert into META04_DATASTRUCTURES1 (DATASOURCENAME,COLUMNIDENTIFIER,COLUMNNAME,DATATYPE,DATALENGTH,NEGCONSTRAINTSINTRACOL,DOUBLEALLOWED,POSCONSTRAINTSINTRACOL) values ('HEART_DISEASE_MORTALITY','COL7','Topic','VARCHAR2',46,'NS0004','YES',null);
Insert into META04_DATASTRUCTURES1 (DATASOURCENAME,COLUMNIDENTIFIER,COLUMNNAME,DATATYPE,DATALENGTH,NEGCONSTRAINTSINTRACOL,DOUBLEALLOWED,POSCONSTRAINTSINTRACOL) values ('HEART_DISEASE_MORTALITY','COL8','Data_Value','VARCHAR2',6,'NN0002','YES',null);
Insert into META04_DATASTRUCTURES1 (DATASOURCENAME,COLUMNIDENTIFIER,COLUMNNAME,DATATYPE,DATALENGTH,NEGCONSTRAINTSINTRACOL,DOUBLEALLOWED,POSCONSTRAINTSINTRACOL) values ('HEART_DISEASE_MORTALITY','COL9','Data_Value_Unit','VARCHAR2',44,'NS0004','YES',null);
Insert into META04_DATASTRUCTURES1 (DATASOURCENAME,COLUMNIDENTIFIER,COLUMNNAME,DATATYPE,DATALENGTH,NEGCONSTRAINTSINTRACOL,DOUBLEALLOWED,POSCONSTRAINTSINTRACOL) values ('HEART_DISEASE_MORTALITY','COL10','Data_Value_Type','VARCHAR2',106,'NS0004','YES',null);
Insert into META04_DATASTRUCTURES1 (DATASOURCENAME,COLUMNIDENTIFIER,COLUMNNAME,DATATYPE,DATALENGTH,NEGCONSTRAINTSINTRACOL,DOUBLEALLOWED,POSCONSTRAINTSINTRACOL) values ('HEART_DISEASE_MORTALITY','COL11','Data_Value_Footnote_Symbol','VARCHAR2',2,'NS0001','YES',null);
Insert into META04_DATASTRUCTURES1 (DATASOURCENAME,COLUMNIDENTIFIER,COLUMNNAME,DATATYPE,DATALENGTH,NEGCONSTRAINTSINTRACOL,DOUBLEALLOWED,POSCONSTRAINTSINTRACOL) values ('HEART_DISEASE_MORTALITY','COL12','Data_Value_Footnote_','VARCHAR2',34,'NS0004','YES',null);
Insert into META04_DATASTRUCTURES1 (DATASOURCENAME,COLUMNIDENTIFIER,COLUMNNAME,DATATYPE,DATALENGTH,NEGCONSTRAINTSINTRACOL,DOUBLEALLOWED,POSCONSTRAINTSINTRACOL) values ('HEART_DISEASE_MORTALITY','COL13','StratificationCategory1','VARCHAR2',12,'NS0002','YES',null);
Insert into META04_DATASTRUCTURES1 (DATASOURCENAME,COLUMNIDENTIFIER,COLUMNNAME,DATATYPE,DATALENGTH,NEGCONSTRAINTSINTRACOL,DOUBLEALLOWED,POSCONSTRAINTSINTRACOL) values ('HEART_DISEASE_MORTALITY','COL14','Stratification1','VARCHAR2',14,'NS0002','YES',null);
Insert into META04_DATASTRUCTURES1 (DATASOURCENAME,COLUMNIDENTIFIER,COLUMNNAME,DATATYPE,DATALENGTH,NEGCONSTRAINTSINTRACOL,DOUBLEALLOWED,POSCONSTRAINTSINTRACOL) values ('HEART_DISEASE_MORTALITY','COL15','StratificationCategory2','VARCHAR2',28,'NS0002','YES',null);
Insert into META04_DATASTRUCTURES1 (DATASOURCENAME,COLUMNIDENTIFIER,COLUMNNAME,DATATYPE,DATALENGTH,NEGCONSTRAINTSINTRACOL,DOUBLEALLOWED,POSCONSTRAINTSINTRACOL) values ('HEART_DISEASE_MORTALITY','COL16','Stratification2','VARCHAR2',68,'NS0002','YES',null);
Insert into META04_DATASTRUCTURES1 (DATASOURCENAME,COLUMNIDENTIFIER,COLUMNNAME,DATATYPE,DATALENGTH,NEGCONSTRAINTSINTRACOL,DOUBLEALLOWED,POSCONSTRAINTSINTRACOL) values ('HEART_DISEASE_MORTALITY','COL17','TopicID','VARCHAR2',4,'NS0005','YES',null);
Insert into META04_DATASTRUCTURES1 (DATASOURCENAME,COLUMNIDENTIFIER,COLUMNNAME,DATATYPE,DATALENGTH,NEGCONSTRAINTSINTRACOL,DOUBLEALLOWED,POSCONSTRAINTSINTRACOL) values ('HEART_DISEASE_MORTALITY','COL18','LocationID','VARCHAR2',10,'NN0001','YES',null);
Insert into META04_DATASTRUCTURES1 (DATASOURCENAME,COLUMNIDENTIFIER,COLUMNNAME,DATATYPE,DATALENGTH,NEGCONSTRAINTSINTRACOL,DOUBLEALLOWED,POSCONSTRAINTSINTRACOL) values ('HEART_DISEASE_MORTALITY','COL19','Location_1','VARCHAR2',50,'G0001','YES',null);
Insert into META04_DATASTRUCTURES1 (DATASOURCENAME,COLUMNIDENTIFIER,COLUMNNAME,DATATYPE,DATALENGTH,NEGCONSTRAINTSINTRACOL,DOUBLEALLOWED,POSCONSTRAINTSINTRACOL) values ('CHRONIC_DISEASES_RISK_FACTORS','COL1','ID',null,null,'NN0001','YES',null);
Insert into META04_DATASTRUCTURES1 (DATASOURCENAME,COLUMNIDENTIFIER,COLUMNNAME,DATATYPE,DATALENGTH,NEGCONSTRAINTSINTRACOL,DOUBLEALLOWED,POSCONSTRAINTSINTRACOL) values ('CHRONIC_DISEASES_RISK_FACTORS','COL2','SURVEILLANCE_YEAR',null,null,'NN0001','YES',null);
Insert into META04_DATASTRUCTURES1 (DATASOURCENAME,COLUMNIDENTIFIER,COLUMNNAME,DATATYPE,DATALENGTH,NEGCONSTRAINTSINTRACOL,DOUBLEALLOWED,POSCONSTRAINTSINTRACOL) values ('CHRONIC_DISEASES_RISK_FACTORS','COL3','STATE_ABBREVIATION',null,null,'NS0002','YES',null);
Insert into META04_DATASTRUCTURES1 (DATASOURCENAME,COLUMNIDENTIFIER,COLUMNNAME,DATATYPE,DATALENGTH,NEGCONSTRAINTSINTRACOL,DOUBLEALLOWED,POSCONSTRAINTSINTRACOL) values ('CHRONIC_DISEASES_RISK_FACTORS','COL4','STATE',null,null,'NS0002','YES',null);
Insert into META04_DATASTRUCTURES1 (DATASOURCENAME,COLUMNIDENTIFIER,COLUMNNAME,DATATYPE,DATALENGTH,NEGCONSTRAINTSINTRACOL,DOUBLEALLOWED,POSCONSTRAINTSINTRACOL) values ('CHRONIC_DISEASES_RISK_FACTORS','COL5','HEALTH_INDICATOR_OR_CLASS',null,null,'NS0004','YES',null);
Insert into META04_DATASTRUCTURES1 (DATASOURCENAME,COLUMNIDENTIFIER,COLUMNNAME,DATATYPE,DATALENGTH,NEGCONSTRAINTSINTRACOL,DOUBLEALLOWED,POSCONSTRAINTSINTRACOL) values ('CHRONIC_DISEASES_RISK_FACTORS','COL6','RISK_FACTOR_OR_TOPIC_DESCRIPTION',null,null,'NS0004','YES',null);
Insert into META04_DATASTRUCTURES1 (DATASOURCENAME,COLUMNIDENTIFIER,COLUMNNAME,DATATYPE,DATALENGTH,NEGCONSTRAINTSINTRACOL,DOUBLEALLOWED,POSCONSTRAINTSINTRACOL) values ('CHRONIC_DISEASES_RISK_FACTORS','COL7','SURVEILLANCE_QUESTION',null,null,'NS0003','YES',null);
Insert into META04_DATASTRUCTURES1 (DATASOURCENAME,COLUMNIDENTIFIER,COLUMNNAME,DATATYPE,DATALENGTH,NEGCONSTRAINTSINTRACOL,DOUBLEALLOWED,POSCONSTRAINTSINTRACOL) values ('CHRONIC_DISEASES_RISK_FACTORS','COL8','SURVEILLANCE_RESPONSE','NUMBER',null,'NS0004','YES',null);
Insert into META04_DATASTRUCTURES1 (DATASOURCENAME,COLUMNIDENTIFIER,COLUMNNAME,DATATYPE,DATALENGTH,NEGCONSTRAINTSINTRACOL,DOUBLEALLOWED,POSCONSTRAINTSINTRACOL) values ('CHRONIC_DISEASES_RISK_FACTORS','COL9','VARIABLES_OR_BREAKOUT',null,44,'NS0004','YES',null);
Insert into META04_DATASTRUCTURES1 (DATASOURCENAME,COLUMNIDENTIFIER,COLUMNNAME,DATATYPE,DATALENGTH,NEGCONSTRAINTSINTRACOL,DOUBLEALLOWED,POSCONSTRAINTSINTRACOL) values ('CHRONIC_DISEASES_RISK_FACTORS','COL10','POPULATION_CHARACTERISTIC_OR_BREAKOUT_CATEGORY',null,null,'NS0004','YES',null);
Insert into META04_DATASTRUCTURES1 (DATASOURCENAME,COLUMNIDENTIFIER,COLUMNNAME,DATATYPE,DATALENGTH,NEGCONSTRAINTSINTRACOL,DOUBLEALLOWED,POSCONSTRAINTSINTRACOL) values ('CHRONIC_DISEASES_RISK_FACTORS','COL11','SAMPLE_SIZE',null,null,'NN0001','YES',null);
Insert into META04_DATASTRUCTURES1 (DATASOURCENAME,COLUMNIDENTIFIER,COLUMNNAME,DATATYPE,DATALENGTH,NEGCONSTRAINTSINTRACOL,DOUBLEALLOWED,POSCONSTRAINTSINTRACOL) values ('CHRONIC_DISEASES_RISK_FACTORS','COL12','DATA_VALUE_PERCENTAGE',null,null,'NN0001','YES',null);
Insert into META04_DATASTRUCTURES1 (DATASOURCENAME,COLUMNIDENTIFIER,COLUMNNAME,DATATYPE,DATALENGTH,NEGCONSTRAINTSINTRACOL,DOUBLEALLOWED,POSCONSTRAINTSINTRACOL) values ('CHRONIC_DISEASES_RISK_FACTORS','COL13','LOW_CONFIDENCE_LIMIT',null,null,'NN0002','YES',null);
Insert into META04_DATASTRUCTURES1 (DATASOURCENAME,COLUMNIDENTIFIER,COLUMNNAME,DATATYPE,DATALENGTH,NEGCONSTRAINTSINTRACOL,DOUBLEALLOWED,POSCONSTRAINTSINTRACOL) values ('CHRONIC_DISEASES_RISK_FACTORS','COL14','HIGH_CONFIDENCE_LIMIT',null,null,'NN0002','YES',null);
Insert into META04_DATASTRUCTURES1 (DATASOURCENAME,COLUMNIDENTIFIER,COLUMNNAME,DATATYPE,DATALENGTH,NEGCONSTRAINTSINTRACOL,DOUBLEALLOWED,POSCONSTRAINTSINTRACOL) values ('CHRONIC_DISEASES_RISK_FACTORS','COL15','DISPLAY_ORDER',null,null,'NN0001','YES',null);
Insert into META04_DATASTRUCTURES1 (DATASOURCENAME,COLUMNIDENTIFIER,COLUMNNAME,DATATYPE,DATALENGTH,NEGCONSTRAINTSINTRACOL,DOUBLEALLOWED,POSCONSTRAINTSINTRACOL) values ('CHRONIC_DISEASES_RISK_FACTORS','COL16','DATA_VALUE_FOOTNOTE',null,null,'NS0004','YES',null);
Insert into META04_DATASTRUCTURES1 (DATASOURCENAME,COLUMNIDENTIFIER,COLUMNNAME,DATATYPE,DATALENGTH,NEGCONSTRAINTSINTRACOL,DOUBLEALLOWED,POSCONSTRAINTSINTRACOL) values ('CHRONIC_DISEASES_RISK_FACTORS','COL17','CLASS_ID',null,null,'NS0005','YES',null);
Insert into META04_DATASTRUCTURES1 (DATASOURCENAME,COLUMNIDENTIFIER,COLUMNNAME,DATATYPE,DATALENGTH,NEGCONSTRAINTSINTRACOL,DOUBLEALLOWED,POSCONSTRAINTSINTRACOL) values ('CHRONIC_DISEASES_RISK_FACTORS','COL18','TOPIC_ID','INTEGER',null,'NS0005','YES',null);
Insert into META04_DATASTRUCTURES1 (DATASOURCENAME,COLUMNIDENTIFIER,COLUMNNAME,DATATYPE,DATALENGTH,NEGCONSTRAINTSINTRACOL,DOUBLEALLOWED,POSCONSTRAINTSINTRACOL) values ('CHRONIC_DISEASES_RISK_FACTORS','COL19','LOCATION_ID',null,null,'NN0001','YES',null);
Insert into META04_DATASTRUCTURES1 (DATASOURCENAME,COLUMNIDENTIFIER,COLUMNNAME,DATATYPE,DATALENGTH,NEGCONSTRAINTSINTRACOL,DOUBLEALLOWED,POSCONSTRAINTSINTRACOL) values ('CHRONIC_DISEASES_RISK_FACTORS','COL20','BREAKOUT_ID',null,null,'NS0005','YES',null);
Insert into META04_DATASTRUCTURES1 (DATASOURCENAME,COLUMNIDENTIFIER,COLUMNNAME,DATATYPE,DATALENGTH,NEGCONSTRAINTSINTRACOL,DOUBLEALLOWED,POSCONSTRAINTSINTRACOL) values ('CHRONIC_DISEASES_RISK_FACTORS','COL21','BREAKOUT_CATEGORY_ID',null,null,'NS0005','YES',null);
Insert into META04_DATASTRUCTURES1 (DATASOURCENAME,COLUMNIDENTIFIER,COLUMNNAME,DATATYPE,DATALENGTH,NEGCONSTRAINTSINTRACOL,DOUBLEALLOWED,POSCONSTRAINTSINTRACOL) values ('CHRONIC_DISEASES_RISK_FACTORS','COL22','QUESTION_ID',null,null,'NS0005','YES',null);
Insert into META04_DATASTRUCTURES1 (DATASOURCENAME,COLUMNIDENTIFIER,COLUMNNAME,DATATYPE,DATALENGTH,NEGCONSTRAINTSINTRACOL,DOUBLEALLOWED,POSCONSTRAINTSINTRACOL) values ('CHRONIC_DISEASES_RISK_FACTORS','COL23','RESPONSE_ID',null,null,'NS0005','YES',null);
Insert into META04_DATASTRUCTURES1 (DATASOURCENAME,COLUMNIDENTIFIER,COLUMNNAME,DATATYPE,DATALENGTH,NEGCONSTRAINTSINTRACOL,DOUBLEALLOWED,POSCONSTRAINTSINTRACOL) values ('CHRONIC_DISEASES_RISK_FACTORS','COL24','LATITUDE',null,null,'NN0002','YES',null);
Insert into META04_DATASTRUCTURES1 (DATASOURCENAME,COLUMNIDENTIFIER,COLUMNNAME,DATATYPE,DATALENGTH,NEGCONSTRAINTSINTRACOL,DOUBLEALLOWED,POSCONSTRAINTSINTRACOL) values ('CHRONIC_DISEASES_RISK_FACTORS','COL25','LONGITUDE',null,null,'NN0002','YES',null);
REM INSERTING into US_STATES
SET DEFINE OFF;
Insert into US_STATES (ABBR,STATE_NAME,STATE_CAPITAL,REGION) values ('AL','Alabama','Montgomery','South');
Insert into US_STATES (ABBR,STATE_NAME,STATE_CAPITAL,REGION) values ('AK','Alaska','Juneau','West');
Insert into US_STATES (ABBR,STATE_NAME,STATE_CAPITAL,REGION) values ('AZ','Arizona','Phoenix','West');
Insert into US_STATES (ABBR,STATE_NAME,STATE_CAPITAL,REGION) values ('AR','Arkansas','Little Rock','South');
Insert into US_STATES (ABBR,STATE_NAME,STATE_CAPITAL,REGION) values ('CA','California','Sacramento','West');
Insert into US_STATES (ABBR,STATE_NAME,STATE_CAPITAL,REGION) values ('CO','Colorado','Denver','West');
Insert into US_STATES (ABBR,STATE_NAME,STATE_CAPITAL,REGION) values ('CT','Connecticut','Hartford','Northeast');
Insert into US_STATES (ABBR,STATE_NAME,STATE_CAPITAL,REGION) values ('DE','Delaware','Dover','Northeast');
Insert into US_STATES (ABBR,STATE_NAME,STATE_CAPITAL,REGION) values ('FL','Florida','Tallahassee','South');
Insert into US_STATES (ABBR,STATE_NAME,STATE_CAPITAL,REGION) values ('GA','Georgia','Atlanta','South');
Insert into US_STATES (ABBR,STATE_NAME,STATE_CAPITAL,REGION) values ('HI','Hawaii','Honolulu','West');
Insert into US_STATES (ABBR,STATE_NAME,STATE_CAPITAL,REGION) values ('ID','Idaho','Boise','West');
Insert into US_STATES (ABBR,STATE_NAME,STATE_CAPITAL,REGION) values ('IL','Illinois','Springfield','Midwest');
Insert into US_STATES (ABBR,STATE_NAME,STATE_CAPITAL,REGION) values ('IN','Indiana','Indianapolis','Midwest');
Insert into US_STATES (ABBR,STATE_NAME,STATE_CAPITAL,REGION) values ('IA','Iowa','Des Moines','Midwest');
Insert into US_STATES (ABBR,STATE_NAME,STATE_CAPITAL,REGION) values ('KS','Kansas','Topeka','Midwest');
Insert into US_STATES (ABBR,STATE_NAME,STATE_CAPITAL,REGION) values ('KY','Kentucky','Frankfort','South');
Insert into US_STATES (ABBR,STATE_NAME,STATE_CAPITAL,REGION) values ('LA','Louisiana','Baton Rouge','South');
Insert into US_STATES (ABBR,STATE_NAME,STATE_CAPITAL,REGION) values ('ME','Maine','Augusta','Northeast');
Insert into US_STATES (ABBR,STATE_NAME,STATE_CAPITAL,REGION) values ('MD','Maryland','Annapolis','Northeast');
Insert into US_STATES (ABBR,STATE_NAME,STATE_CAPITAL,REGION) values ('MA','Massachusetts','Boston','Northeast');
Insert into US_STATES (ABBR,STATE_NAME,STATE_CAPITAL,REGION) values ('MI','Michigan','Lansing','Midwest');
Insert into US_STATES (ABBR,STATE_NAME,STATE_CAPITAL,REGION) values ('MN','Minnesota','St. Paul','Midwest');
Insert into US_STATES (ABBR,STATE_NAME,STATE_CAPITAL,REGION) values ('MS','Mississippi','Jackson','South');
Insert into US_STATES (ABBR,STATE_NAME,STATE_CAPITAL,REGION) values ('MO','Missouri','Jefferson City','Midwest');
Insert into US_STATES (ABBR,STATE_NAME,STATE_CAPITAL,REGION) values ('MT','Montana','Helena','West');
Insert into US_STATES (ABBR,STATE_NAME,STATE_CAPITAL,REGION) values ('NE','Nebraska','Lincoln','Midwest');
Insert into US_STATES (ABBR,STATE_NAME,STATE_CAPITAL,REGION) values ('NV','Nevada','Carson City','West');
Insert into US_STATES (ABBR,STATE_NAME,STATE_CAPITAL,REGION) values ('NH','New Hampshire','Concord','Northeast');
Insert into US_STATES (ABBR,STATE_NAME,STATE_CAPITAL,REGION) values ('NJ','New Jersey','Trenton','Northeast');
Insert into US_STATES (ABBR,STATE_NAME,STATE_CAPITAL,REGION) values ('NM','New Mexico','Santa Fe','West');
Insert into US_STATES (ABBR,STATE_NAME,STATE_CAPITAL,REGION) values ('NY','New York','Albany','Northeast');
Insert into US_STATES (ABBR,STATE_NAME,STATE_CAPITAL,REGION) values ('NC','North Carolina','Raleigh','South');
Insert into US_STATES (ABBR,STATE_NAME,STATE_CAPITAL,REGION) values ('ND','North Dakota','Bismarck','Midwest');
Insert into US_STATES (ABBR,STATE_NAME,STATE_CAPITAL,REGION) values ('OH','Ohio','Columbus','Midwest');
Insert into US_STATES (ABBR,STATE_NAME,STATE_CAPITAL,REGION) values ('OK','Oklahoma','Oklahoma City','South');
Insert into US_STATES (ABBR,STATE_NAME,STATE_CAPITAL,REGION) values ('OR','Oregon','Salem','West');
Insert into US_STATES (ABBR,STATE_NAME,STATE_CAPITAL,REGION) values ('PA','Pennsylvania','Harrisburg','Northeast');
Insert into US_STATES (ABBR,STATE_NAME,STATE_CAPITAL,REGION) values ('RI','Rhode Island','Providence','Northeast');
Insert into US_STATES (ABBR,STATE_NAME,STATE_CAPITAL,REGION) values ('SC','South Carolina','Columbia','South');
Insert into US_STATES (ABBR,STATE_NAME,STATE_CAPITAL,REGION) values ('SD','South Dakota','Pierre','Midwest');
Insert into US_STATES (ABBR,STATE_NAME,STATE_CAPITAL,REGION) values ('TN','Tennessee','Nashville','South');
Insert into US_STATES (ABBR,STATE_NAME,STATE_CAPITAL,REGION) values ('TX','Texas','Austin','South');
Insert into US_STATES (ABBR,STATE_NAME,STATE_CAPITAL,REGION) values ('UT','Utah','Salt Lake City','West');
Insert into US_STATES (ABBR,STATE_NAME,STATE_CAPITAL,REGION) values ('VT','Vermont','Montpelier','Northeast');
Insert into US_STATES (ABBR,STATE_NAME,STATE_CAPITAL,REGION) values ('VA','Virginia','Richmond','South');
Insert into US_STATES (ABBR,STATE_NAME,STATE_CAPITAL,REGION) values ('WA','Washington','Olympia','West');
Insert into US_STATES (ABBR,STATE_NAME,STATE_CAPITAL,REGION) values ('WV','West Virginia','Charleston','South');
Insert into US_STATES (ABBR,STATE_NAME,STATE_CAPITAL,REGION) values ('WI','Wisconsin','Madison','Midwest');
Insert into US_STATES (ABBR,STATE_NAME,STATE_CAPITAL,REGION) values ('WY','Wyoming','Cheyenne','West');
--------------------------------------------------------
--  DDL for Index META03_CONSTRAINTS
--------------------------------------------------------

  CREATE UNIQUE INDEX "META03_CONSTRAINTS" ON "META03_CONSTRAINTS" ("IDCONSTRAINT") 
  ;
--------------------------------------------------------
--  Constraints for Table META03_CONSTRAINTS
--------------------------------------------------------

  ALTER TABLE "META03_CONSTRAINTS" ADD CONSTRAINT "META03_CONSTRAINTS" PRIMARY KEY ("IDCONSTRAINT")
  USING INDEX  ENABLE;
